{"loss": 0.0001391859259456396, "eps": 0.9992352906268492, "avg_reward": 1.4177215189873418, "_runtime": 50, "_timestamp": 1630431548, "_step": 154}