{"loss": 7.513459422625601e-05, "eps": 0.977892966749516, "avg_reward": 1.1568627450980393, "_runtime": 236, "_timestamp": 1630431918, "_step": 4472, "test_reward": 0.0, "test_video": {"_type": "video-file", "path": "media/videos/test_video_4472_40a5a27a3869f3633f11.mp4", "sha256": "40a5a27a3869f3633f1162a0dfca9cdbcec846333e82c0e894f3e9b43679eac5", "size": 32273, "width": 160, "height": 210, "caption": "0.0"}}