{"loss1": 0.0011694661807268858, "loss2": 0.0005323190707713366, "eps": 0.9998900060222903, "Agent1_avg_reward": NaN, "Agent2_avg_reward": NaN, "Avg_reward": NaN, "Enemy1_killed": 3, "Enemy2_killed": 0, "enemy1_evasive_count": 0, "enemy2_evasive_count": 0, "coophit_mini": 0, "coophit_miniboss": 0, "A1_kills": 3, "A2_kills": 0, "Tot_Bullet_penalty": 14.999999999999963, "_runtime": 48, "_timestamp": 1631197342, "_step": 221}