{"loss1": 0.0007879443583078682, "loss2": 0.006176515948027372, "eps": 0.9960478255299114, "Agent1_avg_reward": NaN, "Agent2_avg_reward": NaN, "Avg_reward": NaN, "Enemy1_killed": 54, "Enemy2_killed": 1, "enemy1_evasive_count": 12, "enemy2_evasive_count": 7, "coophit_mini": 1, "coophit_miniboss": 2, "A1_kills": 23, "A2_kills": 31, "Tot_Bullet_penalty": 143.8999999999961, "_runtime": 187, "_timestamp": 1631352293, "_step": 1585, "_wandb": {"runtime": 186}}