{"loss": 5.461982368615281e-07, "eps": 0.9512340617666443, "avg_reward": 0.9615384615384616, "_runtime": 88, "_timestamp": 1630414403, "_step": 10000, "_wandb": {"runtime": 87}}