{"loss1": 0.0697658360004425, "loss2": 0.10031041502952576, "eps": 0.9962669757740571, "Agent1_avg_reward": NaN, "Agent2_avg_reward": NaN, "Avg_reward": NaN, "_runtime": 126, "_timestamp": 1631003864, "_step": 749}