{"loss": 7.10122985765338e-05, "eps": 0.9583903636913591, "avg_reward": 1.394736842105263, "_runtime": 168, "_timestamp": 1630421418, "_step": 8501, "_wandb": {"runtime": 167}}