{"loss1": 0.12801995873451233, "loss2": 0.08318603038787842, "eps": 0.9916202861455993, "Agent1_avg_reward": NaN, "Agent2_avg_reward": NaN, "Avg_reward": NaN, "_runtime": 88, "_timestamp": 1631013152, "_step": 1684}