{"loss": 0.003899733768776059, "eps": 0.9584718305382326, "avg_reward": 1.6296296296296295, "_runtime": 131, "_timestamp": 1630435380, "_step": 8484}