{"loss1": 0.06326062977313995, "loss2": 0.11332970857620239, "eps": 1.0, "Agent1_avg_reward": NaN, "Agent2_avg_reward": NaN, "Avg_reward": NaN, "_runtime": 39, "_timestamp": 1631005718, "_step": 1}