{"loss1": 0.06987985968589783, "loss2": 0.09814690798521042, "eps": 0.9997450318723954, "Agent1_avg_reward": NaN, "Agent2_avg_reward": NaN, "Avg_reward": NaN, "_runtime": 861, "_timestamp": 1631003574, "_step": 52}