{"loss": 1.2954344128957018e-05, "eps": 0.9973684619950708, "avg_reward": 1.1395348837209303, "_runtime": 45, "_timestamp": 1630494315, "_step": 528, "_wandb": {"runtime": 43}}