{"loss": 1.2549691746244207e-05, "eps": 0.8993524584724365, "avg_reward": 1.191860465116279, "_runtime": 258, "_timestamp": 1630432183, "_step": 21217, "test_reward": 0.0, "test_video": {"_type": "video-file", "path": "media/videos/test_video_17018_82fbcb1a381c37fc7e28.mp4", "sha256": "82fbcb1a381c37fc7e288148ee89aec691832274406cb20ede54afc52d760ecb", "size": 9135, "width": 160, "height": 210, "caption": "0.0"}}