{"loss1": 0.0004242909490130842, "loss2": 0.0008181171724572778, "eps": 0.9971839689499078, "Agent1_avg_reward": NaN, "Agent2_avg_reward": NaN, "Avg_reward": NaN, "Enemy1_killed": 19, "Enemy2_killed": 0, "enemy1_evasive_count": 4, "enemy2_evasive_count": 1, "coophit_mini": 0, "coophit_miniboss": 0, "A1_kills": 9, "A2_kills": 10, "Tot_Bullet_penalty": 53.70000000000049, "_runtime": 70, "_timestamp": 1631356695, "_step": 1129, "_wandb": {"runtime": 69}}