{"loss": 0.001809938345104456, "eps": 0.01286119187222591, "avg_reward": 2.434640522875817, "_runtime": 9410, "_timestamp": 1630431257, "_step": 870707, "test_reward": 5.0, "test_video": {"_type": "video-file", "path": "media/videos/test_video_868718_4e039f4b9a91ddd33ea0.mp4", "sha256": "4e039f4b9a91ddd33ea0d41ab2008c60a96191bcf4048bf8a3c66e8545d131dc", "size": 316041, "width": 160, "height": 210, "caption": "5.0"}, "_wandb": {"runtime": 9409}}