{"loss1": 0.008541913703083992, "loss2": 0.009468833915889263, "eps": 0.9998050187675601, "Agent1_avg_reward": -79.41249999999967, "Agent2_avg_reward": -75.68749999999972, "Avg_reward": -77.5499999999997, "Enemy1_killed": 33, "Enemy2_killed": 0, "enemy1_evasive_count": 12, "enemy2_evasive_count": 3, "coophit_mini": 1, "coophit_miniboss": 0, "A1_kills": 13, "A2_kills": 20, "Tot_Bullet_penalty": 96.99999999999876, "_runtime": 591, "_timestamp": 1631200343, "_step": 79}