{"loss": 8.114120282698423e-05, "eps": 0.8434493504895858, "avg_reward": 1.2831050228310503, "_runtime": 525, "_timestamp": 1630421218, "_step": 34052, "test_reward": 0.0, "test_video": {"_type": "video-file", "path": "media/videos/test_video_25535_6a27a96f47384824bedb.gif", "sha256": "6a27a96f47384824bedbeab8187494bd9dc4b3063f549996aa02a32fbbd5bf19", "size": 17202481, "width": 210, "height": 160, "caption": "0.0"}, "_wandb": {"runtime": 522}}