{"loss1": 0.07546736299991608, "loss2": 0.07215724140405655, "eps": 0.991536001792701, "Agent1_avg_reward": NaN, "Agent2_avg_reward": NaN, "Avg_reward": NaN, "_runtime": 657, "_timestamp": 1631006516, "_step": 1701, "_wandb": {"runtime": 655}}