{"loss": 7.843422645237297e-05, "eps": 0.9143834885884323, "avg_reward": 1.3443708609271523, "_runtime": 188, "_timestamp": 1630431487, "_step": 17902, "test_reward": 0.0, "test_video": {"_type": "video-file", "path": "media/videos/test_video_17018_c383f20b7e1bcb631ec0.mp4", "sha256": "c383f20b7e1bcb631ec0518b2bd371f6b71434e0a047fc03315121ed29f04890", "size": 9512, "width": 160, "height": 210, "caption": "0.0"}}