{"loss1": 0.11731452494859695, "loss2": 0.05849549174308777, "eps": 0.9581460046948144, "Agent1_avg_reward": -540.5, "Agent2_avg_reward": -541.5, "Avg_reward": -541.0, "_runtime": 540, "_timestamp": 1631018882, "_step": 8552, "Agent1_test_reward": 0, "Agent2_test_reward": -14, "Avg_test_reward": -7.0, "test_video": {"_type": "video-file", "path": "media/videos/test_video_6852_b67fe4986fdcf009a05e.mp4", "sha256": "b67fe4986fdcf009a05ed28dbcd796f74dcfb3464d2f28017639ff6e038e4bc2", "size": 184054, "width": 700, "height": 950, "caption": "Test_performance"}}