{"loss1": 0.007946964353322983, "loss2": 0.0005923447897657752, "eps": 0.999880007049729, "Agent1_avg_reward": NaN, "Agent2_avg_reward": NaN, "Avg_reward": NaN, "Enemy1_killed": 2, "Enemy2_killed": 0, "enemy1_evasive_count": 0, "enemy2_evasive_count": 0, "coophit_mini": 0, "coophit_miniboss": 0, "A1_kills": 2, "A2_kills": 0, "Tot_Bullet_penalty": 8.399999999999986, "_runtime": 19, "_timestamp": 1631265068, "_step": 49, "_wandb": {"runtime": 18}}