{"loss1": 0.06620173156261444, "loss2": 0.04201351851224899, "eps": 0.9998060187683085, "Agent1_avg_reward": -118.0, "Agent2_avg_reward": -76.0, "Avg_reward": -97.0, "Enemy1_killed": 1, "Enemy2_killed": 0, "enemy1_evasive_count": 0, "enemy2_evasive_count": 0, "coophit_mini": 0, "coophit_miniboss": 0, "A1_kills": 1, "A2_kills": 0, "Tot_Bullet_penalty": 24, "_runtime": 230, "_timestamp": 1631089862, "_step": 389, "Agent1_test_reward": -3, "Agent2_test_reward": -3, "Avg_test_reward": -3.0, "test_video": {"_type": "video-file", "path": "media/videos/test_video_349_da40b110396ad06542b6.mp4", "sha256": "da40b110396ad06542b6f530af0aaf79dc00df1a3799e7970c98f03fc96674fe", "size": 228366, "width": 950, "height": 700, "caption": "Test_performance"}}