{"loss": 0.007813315838575363, "eps": 0.987330905431632, "avg_reward": 1.2365591397849462, "_runtime": 520, "_timestamp": 1630419621, "_step": 2551, "_wandb": {"runtime": 518}}