{"loss1": 0.000967610627412796, "loss2": 0.001285408972762525, "eps": 0.9999700004124964, "Agent1_avg_reward": NaN, "Agent2_avg_reward": NaN, "Avg_reward": NaN, "Enemy1_killed": 0, "Enemy2_killed": 0, "enemy1_evasive_count": 0, "enemy2_evasive_count": 0, "coophit_mini": 0, "coophit_miniboss": 0, "A1_kills": 0, "A2_kills": 0, "Tot_Bullet_penalty": 8.299999999999986, "_runtime": 62, "_timestamp": 1631279628, "_step": 13}