{"loss": 5.694112587661948e-06, "eps": 0.9989905073558605, "avg_reward": 1.75, "_runtime": 8, "_timestamp": 1630414063, "_step": 203, "_wandb": {"runtime": 6}}