{"loss1": 0.10064749419689178, "loss2": 0.0724959596991539, "eps": 0.9961822964683388, "Agent1_avg_reward": NaN, "Agent2_avg_reward": NaN, "Avg_reward": NaN, "_runtime": 76, "_timestamp": 1631000199, "_step": 766}