{"loss": 0.02732982113957405, "eps": 0.910350822245119, "avg_reward": 1.367741935483871, "_runtime": 148, "_timestamp": 1630494976, "_step": 18786, "test_reward": 0.0, "test_video": {"_type": "video-file", "path": "media/videos/test_video_17018_0c30af64dc1bb4ede4f8.mp4", "sha256": "0c30af64dc1bb4ede4f87c1f250b8debb2bcf4b4c4ecbc33658d23cb4dd5b3bc", "size": 150628, "width": 160, "height": 210, "caption": "0.0"}, "_wandb": {"runtime": 147}}