{"loss": 5.021074684918858e-06, "eps": 0.8520710188108602, "avg_reward": 1.3897058823529411, "_runtime": 127, "_timestamp": 1630416372, "_step": 32018, "_wandb": {"runtime": 125}}