{"loss": 1.2539591807581019e-05, "eps": 0.9780249915415633, "avg_reward": 1.5, "_runtime": 45, "_timestamp": 1630414578, "_step": 4445, "_wandb": {"runtime": 44}}