{"loss1": 0.057832904160022736, "loss2": 0.08452747762203217, "eps": 0.990104263370888, "Agent1_avg_reward": NaN, "Agent2_avg_reward": NaN, "Avg_reward": NaN, "_runtime": 107, "_timestamp": 1631018332, "_step": 1990, "Agent1_test_reward": 0, "Agent2_test_reward": 0, "Avg_test_reward": 0.0, "test_video": {"_type": "video-file", "path": "media/videos/test_video_1701_da7deeb2f67b8a4292e3.mp4", "sha256": "da7deeb2f67b8a4292e3d8b6f350d865fb1e0e77673bb7df738fb6d884cdab43", "size": 122997, "width": 700, "height": 950, "caption": "Test_performance"}, "_wandb": {"runtime": 106}}