{"loss": 1.4221806850400753e-05, "eps": 0.921446828538459, "avg_reward": 1.1428571428571428, "_runtime": 99, "_timestamp": 1630416574, "_step": 16363, "_wandb": {"runtime": 98}}