{"loss": 8.214776607928798e-05, "eps": 0.8801434977515301, "avg_reward": 1.4078212290502794, "_runtime": 262, "_timestamp": 1630487292, "_step": 25535, "test_reward": 0.0, "test_video": {"_type": "video-file", "path": "media/videos/test_video_17018_141343df8f7aee40bdaf.mp4", "sha256": "141343df8f7aee40bdaff17074c89285d1b9e1a33b0787e9df0379dfa87517e3", "size": 151851, "width": 160, "height": 210, "caption": "0.0"}, "_wandb": {"runtime": 261}}