{"loss": 0.0038903867825865746, "eps": 0.8653810390572071, "avg_reward": 1.3015075376884422, "_runtime": 321, "_timestamp": 1630435184, "_step": 28918, "test_reward": 0.0, "test_video": {"_type": "video-file", "path": "media/videos/test_video_25535_8a64b86846ff4c5df6b1.mp4", "sha256": "8a64b86846ff4c5df6b1c79561366a1a1963690fed3bdbca52c71b097a01042e", "size": 155322, "width": 160, "height": 210, "caption": "0.0"}, "_wandb": {"runtime": 319}}