{"loss": 6.511822721222416e-05, "eps": 0.9874148323352546, "avg_reward": 1.3076923076923077, "_runtime": 73, "_timestamp": 1630418743, "_step": 2534}