{"loss": 1.9220147805754095e-05, "eps": 0.797841307080532, "avg_reward": 1.3908045977011494, "_runtime": 589, "_timestamp": 1630432833, "_step": 45170, "test_reward": 0.0, "test_video": {"_type": "video-file", "path": "media/videos/test_video_42569_7f9aee439632838345e3.mp4", "sha256": "7f9aee439632838345e371843c7b9bdeb5e477e978b7eb8a0a042ff814536903", "size": 153249, "width": 160, "height": 210, "caption": "0.0"}}