{"loss": 0.01151288952678442, "eps": 0.9874148323352546, "avg_reward": 1.173913043478261, "_runtime": 59, "_timestamp": 1630419014, "_step": 2534}