{"loss1": 0.0012978781014680862, "loss2": 0.0039387717843055725, "eps": 0.9803505915573727, "Agent1_avg_reward": -76.96250000000013, "Agent2_avg_reward": -85.88749999999942, "Avg_reward": -81.42499999999978, "Enemy1_killed": 3, "Enemy2_killed": 0, "enemy1_evasive_count": 1, "enemy2_evasive_count": 0, "coophit_mini": 0, "coophit_miniboss": 0, "A1_kills": 1, "A2_kills": 2, "Tot_Bullet_penalty": 17.299999999999976, "_runtime": 572, "_timestamp": 1631276233, "_step": 7939, "_wandb": {"runtime": 570}}