{"loss2": 0.06529101729393005, "eps": 0.9088045366966893, "Agent1_avg_reward": -499.5794285714286, "Agent2_avg_reward": -520.7348571428571, "Avg_reward": -510.15714285714284, "_runtime": 1050, "_timestamp": 1630500020, "_step": 19126, "_wandb": {"runtime": 1048}}