{"loss": 0.007601706311106682, "eps": 0.9992352906268492, "avg_reward": 1.4545454545454546, "_runtime": 49, "_timestamp": 1630431626, "_step": 154}