{"loss": 1.322185426033684e-06, "eps": 0.9270477640157101, "avg_reward": 1.3529411764705883, "_runtime": 126, "_timestamp": 1630414733, "_step": 15151, "_wandb": {"runtime": 124}}