{"loss": 3.1458475859835744e-05, "eps": 0.987330905431632, "avg_reward": 1.5172413793103448, "_runtime": 95, "_timestamp": 1630419789, "_step": 2551, "_wandb": {"runtime": 94}}