{"loss": 0.0008625078480690718, "eps": 0.005043534141095992, "avg_reward": 2.1572958500669346, "_runtime": 51365, "_timestamp": 1630486830, "_step": 1057928, "test_reward": 0.0, "test_video": {"_type": "video-file", "path": "media/videos/test_video_1056092_d4520d03232ba6ee38da.mp4", "sha256": "d4520d03232ba6ee38daada7627d96879172a49a598a7a3aff95e1c2a4dd51dd", "size": 151387, "width": 160, "height": 210, "caption": "0.0"}, "_wandb": {"runtime": 51364}}