{"loss": 0.003888561623170972, "eps": 0.987330905431632, "avg_reward": 1.2967032967032968, "_runtime": 61, "_timestamp": 1630418472, "_step": 2551, "_wandb": {"runtime": 59}}