{"loss1": 0.0013400886673480272, "loss2": 0.01495380513370037, "eps": 0.9993462136480472, "Agent1_avg_reward": NaN, "Agent2_avg_reward": NaN, "Avg_reward": NaN, "Enemy1_killed": 17, "Enemy2_killed": 0, "enemy1_evasive_count": 6, "enemy2_evasive_count": 4, "coophit_mini": 0, "coophit_miniboss": 1, "A1_kills": 5, "A2_kills": 12, "Tot_Bullet_penalty": 54.500000000000504, "_runtime": 85, "_timestamp": 1631197180, "_step": 1309}