{"loss1": 0.0941963940858841, "loss2": 0.09779705107212067, "eps": 0.9990654346409691, "Agent1_avg_reward": -701.0, "Agent2_avg_reward": -686.0, "Avg_reward": -693.5, "_runtime": 332, "_timestamp": 1630676188, "_step": 188}