{"loss": 0.004093375988304615, "eps": 0.9583903636913591, "avg_reward": 1.415929203539823, "_runtime": 73, "_timestamp": 1630494663, "_step": 8501, "_wandb": {"runtime": 72}}