{"loss": 3.7876372971368255e-07, "eps": 0.7883165200048653, "avg_reward": 1.2885572139303483, "_runtime": 434, "_timestamp": 1630416238, "_step": 47572, "_wandb": {"runtime": 432}}