{"loss1": 0.10805422067642212, "loss2": 0.08810194581747055, "eps": 0.9708531344828595, "Agent1_avg_reward": -579.5, "Agent2_avg_reward": -582.0, "Avg_reward": -580.75, "_runtime": 577, "_timestamp": 1631000801, "_step": 5917}