{"loss": 0.007819360122084618, "eps": 0.9583903636913591, "avg_reward": 1.5545454545454545, "_runtime": 161, "_timestamp": 1630421791, "_step": 8501, "_wandb": {"runtime": 160}}