{"loss1": 0.054513365030288696, "loss2": 0.06035051867365837, "eps": 0.9999160035069099, "Agent1_avg_reward": NaN, "Agent2_avg_reward": NaN, "Avg_reward": NaN, "Enemy1_killed": 1, "Enemy2_killed": 0, "enemy1_evasive_count": 0, "enemy2_evasive_count": 0, "coophit_mini": 0, "coophit_miniboss": 0, "A1_kills": 1, "A2_kills": 0, "Tot_Bullet_penalty": 124, "_runtime": 319, "_timestamp": 1631197054, "_step": 169, "Agent1_test_reward": -30, "Agent2_test_reward": -30, "Avg_test_reward": -30.0, "test_video": {"_type": "video-file", "path": "media/videos/test_video_129_684090a671f45d2b1eb3.mp4", "sha256": "684090a671f45d2b1eb362773a1e2111530c49ec9d8d28c9679153e714a4ce3c", "size": 1071129, "width": 950, "height": 700, "caption": "Test_performance"}}