{"loss": 4.0720107790548354e-05, "eps": 0.9965210568820488, "avg_reward": 1.3373493975903614, "_runtime": 44, "_timestamp": 1630494540, "_step": 698, "_wandb": {"runtime": 42}}