{"loss": 0.0038530214224010706, "eps": 0.8434493504895858, "avg_reward": 1.31651376146789, "_runtime": 417, "_timestamp": 1630434856, "_step": 34052, "test_reward": 0.0, "test_video": {"_type": "video-file", "path": "media/videos/test_video_25535_87dcc9cd2a5ef171ece0.mp4", "sha256": "87dcc9cd2a5ef171ece04f1e84ff55b4b6d8598750c8ca5aecec189253ffab69", "size": 155673, "width": 160, "height": 210, "caption": "0.0"}, "_wandb": {"runtime": 416}}