{"loss": 4.5424170821206644e-05, "eps": 0.9024921774220838, "avg_reward": 1.2606060606060605, "_runtime": 405, "_timestamp": 1630420685, "_step": 20520, "test_reward": 0.0, "test_video": {"_type": "video-file", "path": "media/videos/test_video_17953_fb05be9c8d0024322c17.gif", "sha256": "fb05be9c8d0024322c17374296cb096f1297a9f0f203bb276114736cecc91662", "size": 590860, "width": 3, "height": 160, "caption": "0.0"}, "_wandb": {"runtime": 403}}